name,display_name,chapter(int),source code (y/n),gif images (y/n),supplmental materials (y/n),Original Filename,Source,License/Copyright,OpenStax Section 1,OpenStax Section 2,Brief Description,Long Description,Tag 1,Tag 2,Tag 3,Tag 4,Tag 5,Pedagogical Quality,Graphics Quality,Comments
SE2016Mar09T.gif,Solar Eclipse Shadow Path,4,n,n,n,SE2016Mar09T.gif,https://commons.wikimedia.org/wiki/File:SE2016Mar09T.gif,Public domain (NASA),4.7,,Solar eclipse shadow,Movement of the umbra across Earth during a solar eclipse,Eclipse,Umbra,Penumbra,,,7,9,
Pluto_Charon_Orbit.gif,Charon Orbiting Pluto,3,n,n,n,First_Color_Animated_Images_show_Pluto_and_its_Moon_Charon.gif,https://commons.wikimedia.org/wiki/File:First_Color_Animated_Images_show_Pluto_and_its_Moon_Charon.gif,Public domain (NASA),3.3,12.4,Charon orbiting Pluto,Orbit of Pluto and Charon around mutual barycenter,Pluto,Charon,Orbit,Barycenter,Moon,8,5,"Author Lillian Gipson, https://www.nasa.gov/feature/pluto-and-its-moon-charon-now-in-color"
Adaptive_optics.gif,Adaptive Optics Fix Distortion,6,n,n,n,Adaptive_optics.gif,https://commons.wikimedia.org/wiki/File:Adaptive_optics.gif,Public domain,6.2,,Adaptive optics demonstration,"Comparison of distortion, distorted image, and recovered image from adaptive optics",Optics,Telescope,Seeing,Distortion,,8,6,
Wavy.gif,Spacetime Ripples Waves,24,n,n,n,Wavy.gif,https://commons.wikimedia.org/wiki/File:Wavy.gif,Public domain (NASA),24.7,24.2,Spacetime ripples/waves,Ripples in spacetime from fast-orbiting stars,Spacetime,Relativity,Black hole,Neutron star,Gravitational wave,6,7,
Sn2008hdani.gif,Supernova Explosion X-Ray,23,n,n,n,Sn2008hdani.gif,https://commons.wikimedia.org/wiki/File:Sn2008hdani.gif,Public domain (NASA),23.3,23.2,Supernove in galaxy,X-ray view of a supernova explosion next to a visibile view of the galaxy during the explosion,Supernova,Standard candle,X-ray,,,7,6,
CrabNebula-5Observatories.gif,Crab Nebula 5 Different Wavelengths,23,n,n,n,PIA21474-CrabNebula-5Observatories-Animation.gif,https://commons.wikimedia.org/wiki/File:PIA21474-CrabNebula-5Observatories-Animation.gif,Public domain (NASA),23.4,6.5,Crab Nebula Different Wavelengths,Crab Nebula and pulsar in several different wavelength ranges,Supernova,Electromagnetic Spectrum,Pulsar,Neutron Star,Nebula,7,8,"Obersvatories: VLA (red), Spitzer (yellow), HST (green), XMM-Newton (blue), Chandra (purple)"
Apparent_retrograde_motion.gif,Apparent Retrograde Motion,2,n,n,n,Apparent_retrograde_motion.gif,https://commons.wikimedia.org/wiki/File:Apparent_retrograde_motion.gif,Share Alike 2.5 Generic Licnsee,2.2,,Apparent retrograde motion,Diagram showing apparent motion around earth with motion around the Sun,Retrograde,Orbit,,,,9,8,Author English Wikipedia user cleonis
Black_body_visible_spectrum.gif,Black Body Visible Spectrum,5,n,n,n,Black_body_visible_spectrum.gif,https://commons.wikimedia.org/wiki/File:Black_body_visible_spectrum.gif,GNU Free Documentation License/Share Alike 3.0 Unported License,5.2,17.2,Blackbody apparent color,Blackbody curve and overall color for temperatures that peak in the visible range,Blackbody,Color,Temperature,Visible Light,Spectrum,7,8,"By Dariusz Kowalczyk - Own work, CC BY-SA 3.0, https://commons.wikimedia.org/w/index.php?curid=20328625"
Radial_velocity_doppler_spectroscopy.gif,Radial Velocity Doppler Spectroscopy,14,n,n,n,Radial_velocity_doppler_spectroscopy.gif,https://commons.wikimedia.org/wiki/File:Radial_velocity_doppler_spectroscopy.gif#/media/File:Radial_velocity_doppler_spectroscopy.gif,Share Alike 4.0 International license,14.4,5.6,Radial velocity exoplanet,Doppler-shifted spectrum of a star with a large exoplanet,Exoplanet,Doppler shift,Spectrum,,,9,8,"By Alysa Obertas - Own work, CC BY-SA 4.0, https://commons.wikimedia.org/w/index.php?curid=77266706"
FrequencyAnimation.gif,Frequency Comparisons,5,n,n,n,FrequencyAnimation.gif,https://commons.wikimedia.org/wiki/File:FrequencyAnimation.gif,Public domain,5.1,,Different frequencies,Comparison of lights with different frequencies and periods,Frequency,Light,Period,,,6,6,
binary_stars_eclipse.gif,Binary Stars Eclipse Light Curve,18,n,n,n,Algol-type_variable_binary_star_animation_4.gif,https://commons.wikimedia.org/wiki/File:Algol-type_variable_binary_star_animation_4.gif,Share Alike 4.0 International license,18.3,18.2,Eclipsing binary light curve,Light curve of an algol-type binary system/eclipsing binary system with view of the stars,Binary stars,Light curve,Eclipse,,,8,7,"By Merikanto - Own work, CC BY-SA 4.0, https://commons.wikimedia.org/w/index.php?curid=79059375"
BlackHole_Lensing.gif,Black-hole Lensing,24,n,n,n,BlackHole_Lensing.gif,https://commons.wikimedia.org/wiki/File:BlackHole_Lensing.gif,Share Alike 3.0 Unported license/GNU Free Documentation License,24.3,24.5,Gravitational lensing simulation,Simulation of the gravitational lensing of a galaxy from a black hole,Black hole,Gravitational lensing,Relativity,Gravity,,7,9,"By No machine-readable author provided. Alain r assumed (based on copyright claims). - No machine-readable source provided. Own work assumed (based on copyright claims)., CC BY-SA 3.0, https://commons.wikimedia.org/w/index.php?curid=496020"
Wiki_Spect_Binaries_v2.gif,Binary System Doppler-shift,18,n,n,n,Wiki_Spect_Binaries_v2.gif,https://commons.wikimedia.org/wiki/File:Wiki_Spect_Binaries_v2.gif,Attribution 3.0 Unported license/GNU Free Documentation license,18.3,18.2,Spectroscopic binary spectra,Doppler shifted spectra of a spectroscopic binary system at different points in their orbit,Binary stars,Doppler shift,Spectrum,,,8,10,"By Primefac - Own work, CC BY 3.0, https://commons.wikimedia.org/w/index.php?curid=30045878"
Light_dispersion_conceptual_waves.gif,Light Prism Refraction,5,n,n,n,Light_dispersion_conceptual_waves.gif,https://commons.wikimedia.org/wiki/File:Light_dispersion_conceptual_waves.gif,Public domain,5.3,6.3,Light refracted in prism,"White light separated by prism into different wavelengths, each of which have different indices of refraction",Light,Spectrum,Refraction,Optics,,8,9,
Interstellar_comet_orbits.gif,Interstellar Comet Orbits,3,n,n,n,A_comparison_of_two_interstellar_objects_passing_through_our_solar_system.gif,https://commons.wikimedia.org/wiki/File:A_comparison_of_two_interstellar_objects_passing_through_our_solar_system.gif,Share Alike 4.0 International license,3.1,3.4,Interstellar object hyperbolic orbits,Orbits of Borisov and Oumuamua passing through the solar system,Orbit,Gravity,Comet,Kepler's laws,,6,7,"By Tony873004 - Own work, CC BY-SA 4.0, https://commons.wikimedia.org/w/index.php?curid=82114872"
Cepheid_animation_1.gif,Cepheid Star Expansion/Contraction Colorshift,19,n,n,n,Cepheid_animation_1.gif,https://commons.wikimedia.org/wiki/File:Cepheid_animation_1.gif,Share Alike 4.0 International license,19.3,26.1,Cepheid variable pulsation,"Expansion, contraction, and color change of a cepheid variable star",Star,Cepheid variable,Distance,Variable star,,7,8,"By Merikanto - Own work, CC BY-SA 4.0, https://commons.wikimedia.org/w/index.php?curid=79818338"
Nogreenstars.gif,Stars Perceived Color,5,n,n,n,Nogreenstars.gif,https://commons.wikimedia.org/wiki/File:Nogreenstars.gif,Public domain,5.2,18.4,Blackbody perceived color,Visible blackbody spectrum with the perceived color of a star at that tempertature,Blackbody,Color,Temperature,Star,Spectrum,8,8,
Convection.gif,Convection Currents,16,n,n,n,Convection.gif,https://commons.wikimedia.org/wiki/File:Convection.gif,Share Alike 3.0 Unported license/GNU Free Documentation License,16.3,8.2,Convection currents,Heating and cooling in convection currents above a heat source,Convection,Heat,Temperature,Atmosphere,,6,8,"By User:Oni Lukos - Own work, CC BY-SA 3.0, https://commons.wikimedia.org/w/index.php?curid=1479796"
Impact_crater.gif,Impact Crater,9,n,n,n,Ries_Impact_de.gif,https://commons.wikimedia.org/wiki/File:Ries_Impact_de.gif,Share Alike 3.0 Unported license/GNU Free Documentation License,9.3,,Formation of impact crater,Stages of formation of an impact crater,Crater,Impact,,,,8,7,"Not in English, By User:Vesta created the original illustrations; the husband of Anke Bebber connected them into the gif-file according to her blog post - the animation by putting the preexisting images into a gif file is ineligible for copyright, so the original copyrights of the illustrations are the only ones to be considered - http://www.scienceblogs.de/geo_logisch/2011/11/07/Ries_Impact_de_klein.gif, CC BY-SA 3.0, https://commons.wikimedia.org/w/index.php?curid=17286298"
Meteor_atmosphere.gif,Meteor in Atmosphere,14,n,n,n,Meteoroid_-_Meteor(Bolide)_-_Meteorite.gif,https://commons.wikimedia.org/wiki/File:Meteoroid_-_Meteor_(Bolide)_-_Meteorite.gif,Public domain,14.1,7.1,Meteor in atmosphere,Meteor entering atmosphere and burning up,Meteor,Atmosphere,Meteorite,,,8,7,Not in English
Bohr_atom_animation_2.gif,Bohr Atom Photon Absorption/Emission,5,n,n,n,Bohr_atom_animation_2.gif,https://commons.wikimedia.org/wiki/File:Bohr_atom_animation_2.gif,Share Alike 3.0 Unported license/GNU Free Documentation License,5.5,,Bohr atom photon,Photon emission and absorption by an electron in a Bohr atom,Atom,Spectrum,Photon,Light,,7,7,"By Kurzon - Own work, CC BY-SA 3.0, https://commons.wikimedia.org/w/index.php?curid=32188518"
New moon-Full moon.gif,Moon Phases: New Moon-Full Moon,4,n,n,n,New moon-Full moon.gif,https://astro.unl.edu/classaction/animations/lunarcycles/lunarapplet.html,Astronomy Education at the university of Nebraska,4.5,,Moon Phase,This GIF shows the moon phase from new moon to full moon with their lumonisty and the names of phases in between,Moon,New-Full,,,,,,
Full moon- New moon.gif,Moon Phases: Full Moon- New Moon,4,n,n,n,Full moon- New moon.gif,https://astro.unl.edu/classaction/animations/lunarcycles/lunarapplet.html,Astronomy Education at the university of Nebraska,4.5,,Monn phase,This GIF shows the moon phase from full moon to new moon with their lumonisty and the names of phases in between,Moon,Full-New,,,,,,
"Semi-major axis, eccentricity.gif",Semi-Major Axis and Eccentricity,3,n,n,n,"Semi-major axis, eccentricity.gif",https://astro.unl.edu/classaction/animations/renaissance/ellipsedemo.html,Astronomy Education at the university of Nebraska,3.1,,Eccenticity,This GIF show show the semi major axis affect the eccentricity,planets,semi major axis,,,,,,
"Distance, eccentricity, gif",Distance and Eccentricity ,3,n,n,n,"Distance, eccentiricty gif",https://astro.unl.edu/classaction/animations/renaissance/ellipsedemo.html,Astronomy Education at the university of Nebraska,3.1,,Eccentircity,This GIF shows how the distance affect the eccentiricty,planets,semi major axis,,,,,,
Ecliptic gif,Sun Declination and Right Ascension in a Year,2,n,n,n,Ecliptic gif,https://astro.unl.edu/classaction/animations/coordsmotion/seasonsim.html,Astronomy Education at the university of Nebraska,2.1,,Ecliptic,Show's how the sun's declination and right ascension change over the course of a year,sun,ecliptic,,,,,,
Earth's tilt gif,Earth's Tilt Angle Change,2,n,n,n,Earth's tilt gif,https://astro.unl.edu/classaction/animations/coordsmotion/seasonsim.html,Astronomy Education at the university of Nebraska,2.1,,Tilt,How Earth's tilt is defined,Earth,tilt,Sun,,,,,
Earth orbit and seasons,Earth's Orbit and Seasons,4,n,n,n,Earth's orbit and seasons,https://astro.unl.edu/naap/motion1/animations/seasons_ecliptic.html,Astronomy Education at the university of Nebraska,4.2,,Earth's orbit and seasons,Shows the relation between the earth's orbit around the sun correlates to different seasons,Earth,tilt,Sun,,,,,
Seasons: Sunlight angle at the equator.gif,Seasons: Sunlight Angle at Equator,4,n,n,n,Seasons: Sunlight angle at the equator.gif,https://astro.unl.edu/naap/motion1/animations/seasons_ecliptic.html,Astronomy Education at the university of Nebraska,4.2,,Seasons,How the angle of sunlight chnages with Earth's rotation and the observer latitude at the equator and how it affects seasons,Earth,tilt,Sun,,,,,
Seasons sunlight angle at the North pole.gif,Seasons: Sunlight Angle at North Pole,4,n,n,n,Seasons sunlight angle at the North pole.gif,https://astro.unl.edu/naap/motion1/animations/seasons_ecliptic.html,Astronomy Education at the university of Nebraska,4.2,,Seasons,How the angle of sunlight chnages with Earth's rotatuin and the observer latitude at the north pole and how it affects seasons,Earth,tilt,Sun,,,,,
Season sunlight angle at the South pole.gif,Seasons: Sunlight Angle at South Pole,4,n,n,n,Season sunlight angle at the South pole.gif,https://astro.unl.edu/naap/motion1/animations/seasons_ecliptic.html,Astronomy Education at the university of Nebraska,4.2,,Seasons,How the angle of sunlight changes with Earth's rotation and the observer latitude at the south pole and how it affects seasons,Earth,tilt,Sun,,,,,"Simulation from PhET Interactive Simulations, University of Colorado Boulder. Licensed under CC BY 4.0"
Kepler's first law,"Kepler's First Law, Velocity",3,n,n,n,Kepler's first law.gif,https://phet.colorado.edu/en/simulations/keplers-laws,"Simulation from PhET Interactive Simulations, University of Colorado Boulder. Licensed under CC BY 4.0",3.1,,Planets,A simulation of Kepler's first law,planets,speed,model,,,,,"Simulation from PhET Interactive Simulations, University of Colorado Boulder. Licensed under CC BY 4.0"
Kepler's second law,"Kepler's Second Law, Simulation",3,n,n,n,Kepler's second law.gif,https://phet.colorado.edu/en/simulations/keplers-laws,"Simulation from PhET Interactive Simulations, University of Colorado Boulder. Licensed under CC BY 4.0",3.1,,Planets,A simulation of Kepler's second law,planets,speed,model,,,,,"Simulation from PhET Interactive Simulations, University of Colorado Boulder. Licensed under CC BY 4.0"
Kepler's second law aread,"Kepler's Second Law, Graph",3,n,n,n,"Kepler's 2nd law, swept areas graph.gif",https://phet.colorado.edu/en/simulations/keplers-laws,"Simulation from PhET Interactive Simulations, University of Colorado Boulder. Licensed under CC BY 4.0",3.1,,Planets,A graph of kepler's second law,planets,speed,graph,,,,,
Eclipsing Binary Simulator.gif,"Binary Eclipse, Simulation",18,n,n,n,Eclipsing Binary Simulator.gif,https://astro.unl.edu/naap/ebs/animations/ebs.html,Astronomy Education at the university of Nebraska,18.3,,Stars,Models the motion of two stars that orbit each other,star,eclipsie,model,,,,,
Eclipsing binary simulator graph.gif,"Binary Ecplise, Graph",18,n,n,n,Eclipsing binary simulator graph.gif,https://astro.unl.edu/naap/ebs/animations/ebs.html,Astronomy Education at the university of Nebraska,18.3,,Stars,The graph produces by the eclipsing motion of two stars,star,eclipsie,graph,,,,,
Pluto and its moons.gif,Pluto and its Moons Orbit,4,n,n,n,Pluto and its moons.gif,https://eyes.nasa.gov/apps/solar-system/#/home,Public domain (NASA),4.6,,Pluto,Pluto's orbit and its moon's orbits,Pluto,orbit,moons,,,,,
Big bang.gif,Big Bang Simulation,26,n,n,n,Big bang.gif,https://svs.gsfc.nasa.gov/12656/,Public domain (NASA),26.5,,Universe begining,A simulation of what the big bang looked like,Universe,big bang,,,,,,From NASA SVS
Black hole.gif,Black Hole Simulation,23,n,n,n,Black hole.gif,https://svs.gsfc.nasa.gov/14619/,Public domain (NASA),23,,Black hole,A simulation of a black hole and the accretion disk,Black hole,star,death,,,,,From NASA SVS
Earth's atmosphere layers.gif,Earth's Atmosphere Layers,2,n,n,n,Earth's atmosphere layers.gif,https://svs.gsfc.nasa.gov/20405/,Public domain (NASA),2.1,,Earth's atmosphere,The five atmosphereic layers of earth,Earth,atmosphere,,,,,,
Short gamma ray burst formation-BH+Neutron star.gif,Gamma Burst: Black hole and Neutron Star,23,n,n,n,Short gamma ray burst formation-BH+Neutron star.gif,https://svs.gsfc.nasa.gov/14738/,Public domain (NASA),23.6,,Gamma ray burst,This GIF illustrates how short gamma ray bursts are formed by the mergeing of a black hole and a neutron star,Gamma ray,,,,,,,
Exoplanet_Single_Transit.gif,Exoplanet Transit Light Curve: Single,14,n,n,n,Exoplanet_Single_Transit,https://svs.gsfc.nasa.gov/13022/,Public domain (NASA),14.4,,Exoplanet discovery,This GIF shows single planet orbiting a star and the corresponding light curve which helps us find Exoplanets,Exoplanet,Transit,,,,,,
Exoplanet_Double_Transit.gif,2 Exoplanets Transit Light Curve: Big and Small,14,n,n,n,Exoplanet_Double_Transit.gif,https://svs.gsfc.nasa.gov/13022/,Public domain (NASA),14.4,,Exoplanet discovery,This GIF shows the difference between the transit graph of a big planet and a small one orbiting a star ,Exoplanet,Transit,,,,,,
Exoplanet_Multipe_Transit.gif,Multiple Exoplanets Transit Light Curve,14,n,n,n,Exoplanet_Multipe_Transit.gif,https://svs.gsfc.nasa.gov/13022/,Public domain (NASA),14.4,,Exoplanet discovery,This GIF show a system of 3 planets orbiting a star and the resulted transit graph,Exoplanet,Transit,,,,,,
Long gamma ray burst formation.gif,Long Gamma Ray Burst Formation,23,n,n,n,Long gamma ray burst formation.gif,https://svs.gsfc.nasa.gov/14738/,Public domain (NASA),23.6,,Gamma ray burst,This GIF shows how long gamma ray bursts are formed,Gamma ray,,,,,,,
Neutron star gamma ray burst.gif,Gamma Ray Burst: Neutron Star,23,n,n,n,Neutron star gamma ray burst.gif,https://svs.gsfc.nasa.gov/14738/,Public domain (NASA),23.6,,Gamma ray burst,This GIF shows the gamma rays produced by a neutron star,Gamma ray,,,,,,,
Short gamma ray burst formation-two neutron stars.gif,Gamma Ray Burst: Two Neutron Stars,23,n,n,n,Short gamma ray burst formation-two neutron stars.gif,https://svs.gsfc.nasa.gov/14738/,Public domain (NASA),23.6,,Gamma ray burst,This GIF shows the collision of two neutron stars and the gamma ray burst ,Gamma ray,,,,,,,
Andromeda galaxy and the Milk way collision.gif,Andromeda and Milky Way Collision,25,n,n,n,Andromeda galaxy and the Milk way collision.gif,https://svs.gsfc.nasa.gov/14847/,Public domain (NASA),25.6,,Andromeda Galaxy collison,This GIF shows the collisionhat will happen between the andromeda galaxy and the Milky way,galaxy,galaxy merger,,,,,,
T crB (white dwarf and a ref giant system).gif,White Dwarf and Red Giant,23,n,n,n,T crB (white dwarf and a ref giant system).gif,https://svs.gsfc.nasa.gov/20393/,Public domain (NASA),23.3,,White dwarf+Red giant system,This GIF shows a binary system of a white dearf and a red giant( T corona Borealis) 3000 light years away. It's a recurrent nova system,white dwarf,Red giant,Supernova Ia,,,,,Credits for NASA's Goddard Space Flight Center Conceptual Image Lab
Sun's magnetic field.gif,Sun's Magnetic Field,15,n,n,n,Sun's magnetic field.gif,https://svs.gsfc.nasa.gov/5543/,Public domain (NASA),15.2,,Sun's magnetic field,This GIF shows The Solar magnetic field view from a fixed solar longitude with field lines using the conventional color scheme of green representing the positive (North) field and magenta as the negative (South) field. White field lines connect back to the solar photosphere.,Sun,Magnetic field,,,,,,"Credit fo Credits Data visualizer Tom Bridgman (Global Science and Technology, Inc.) Producer Joy Ng (eMITS) Technical support Laurence Schuler (ADNET Systems, Inc.) Ian Jones (ADNET Systems, Inc.)"
Triple Eclipsing system.gif,Triple Eclipsing System Light Curve,19,n,n,n,Triple Eclipsing system.gif,https://svs.gsfc.nasa.gov/14677/,Public domain (NASA),19.2,,Triple star system,"This GIF shows the system called TIC 290061484 eclipse each other over about 75 days. The line at the bottom is the plot of the system's brightness over time, as seen by TESS",Stras,System,Triple,,,,,Credits for NASA's Goddard Space Flight Center.
Binary star system light curve.gif,Binary Star Systems Orbit and Light Curve,14,n,n,n,Binary star system light curve.gif,https://svs.gsfc.nasa.gov/5290/,Public domain (NASA),14.4,,Binary system,"This data visualization presents a comprehensive view of four different hypothetical binary star systems, highlighting their stellar orbits and light curves.",Star,System,Binary,Light curve,,,,Credits for NASA's Scientific Visualization Studio
Quadruple system of stars light curve.gif,Quadruple Star System Orbit and Light Curve,18,n,n,n,Quadruple system of stars light curve.gif,https://svs.gsfc.nasa.gov/5290/,Public domain (NASA),18.2,,Quadruple system,"his data visualization follows the same format as the binary star system visualization above, but it features a hypothetical quadruple star system",Star,System,Quadruple,Light curve,,,,Credit for NASA's Scientific Visualization Studio 
Sextuple star system.gif,Sextuple Star System Orbit,18,n,n,n,Sextuple star system.gif,https://svs.gsfc.nasa.gov/5290/,Public domain (NASA),18.2,,Sextuple system,"This is a A top-down view of TIC 168789840, a sextuple eclipsing star system",Star,System,Sextuple,,,,,Credit for NASA's Scientific Visualization Studio 
V906 Carinae's 2018 nova eruption.gif,Supernova Eruption: V906 Carinae 2018,20,n,n,n,V906 Carinae's 2018 nova eruption.gif,https://svs.gsfc.nasa.gov/13578/,Public domain (NASA),20.4,,Supernova eruption,"This animation illustrates the likely phases of V906 Carinae's 2018 nova eruption. The explosion created a thick, complex cloud that was swept into a doughnut shape by the orbital motion of the stars.",Nova,,,,,,,Credit for NASA's Goddard Space Flight Center/Chris Smith (USRA)
Solar Storm Excites Martian Magnetosphere for Fulldome.gif,Mars Solar Storm Magnetosphere,15,n,n,n,Solar storm mars.gif,https://svs.gsfc.nasa.gov/5514/,Public domain (NASA),15.4,,Solar storm,"On September 13, 2017, a solar coronal mass ejection hit Mars, and the visualization shows how solar-wind currents and magnetic fields interact with Mars’ weak, uneven crustal fields to create a complex “hybrid” magnetosphere.",Sun,Mars,Magnotsphere,storm,,,,NASA's Scientific Visualization Studio
Carruthers Geocorona Animation.gif,"Earth's Geocorona, Carruthers",8,n,n,n,Carruthers Geocorona Animation.gif,https://svs.gsfc.nasa.gov/20407/,Public domain (NASA),8.3,,Carruthers Geocorona,"The “Carruthers Geocorona Animation” shows Earth’s outer hydrogen layer, the geocorona, scattering ultraviolet sunlight.",Earth,Exosphere,Sun,,,,,NASA's Goddard Space Flight Center Conceptual Image Lab
Carrington Class Coronal Mass Ejection.gif,The Carrington Event Mass Ejection,15,n,n,n,Carrington Class Coronal Mass Ejection.gif,https://svs.gsfc.nasa.gov/5375/,Public domain (NASA),15.2,,Coronal Mass Ejections,"This visulaization shows the The Carrington Event was the strongest recorded geomagnetic storm in history, caused by an unusually strong solar flare",Coronal mass ejection,Sun,Storm,,,,,Credits Visualizers Anansa B. Keaton-Ashanti (NASA/GSFC) ORCID logo. It consists of the text 'id' in lowercase inside of a green circle. AJ Christensen (AVL NCSA/University of Illinois) Scientist M. Leila Mays (NASA/GSFC)
Weather on Exoplanet WASP-121b.gif,Weather on Exoplanet Tylos,14,n,n,n,Weather on Exoplanet WASP-121b.gif,https://svs.gsfc.nasa.gov/31272/,Public domain (NASA),14.4,,Weather on Exoplanet ,"This visualization shows the temperature forecast spanning 130 exoplanet-days, across sunrise, noon, sunset and midnight for the exoplanet WASP-121",Exoplanet,Weather,,,,,,"Visualization: NASA, ESA, Quentin Changeat (ESA/STScI), Mahdi Zamani (ESA/Hubble)"
Seasonal Variations in Titan.gif,Seasonal Variations in Titan,7,n,n,n,Seasonal Variations in Titan.gif,https://svs.gsfc.nasa.gov/5530/,Public domain (NASA),7.2,,zonal winds on Titan,This data visualization shows the high-altitude zonal winds on Titan moving from west to east. These winds behave similarly to the global jet streams on Earth.,Moon,Planet,Winds,,,,,Scientific Visualization Studio
Webb Captures Jupiter’s Aurora.gif,Jupiter's Aurora,11,n,n,n,Webb Captures Jupiter’s Aurora.gif,https://svs.gsfc.nasa.gov/14839/,Public domain (NASA),11.1,, auroras on jupiter,"NASA’s James Webb Space Telescope captured intense auroras on Jupiter in infrared, revealing unexpected atmospheric activity that challenges current understanding of the planet’s magnetic field and particle interactions.",Jupiter ,Atmosphere,Aurora,,,,,"NASA's Goddard Space Flight Center Credit: Producer: Paul Morris Writer: Thaddeus Cesari Narrator: Professor Jonathan Nichols Images: NASA, ESA, CSA, STSci Music Credit: ""Zero Gravity"" by Brice Davoli [SACEM] via Koka Media [SACEM], Universal Production Music France [SACEM], and Universal Production Music"
Total Lunar Eclipse Shadow View,Total Lunar Eclipse Shadow View,4,n,n,n,Total Lunar Eclipse Shadow View,https://svs.gsfc.nasa.gov/5471/,Public domain (NASA),4.5,,Lunar eclipse ,"his animation shows the changing appearance of the Moon as it travels into and out of the Earth's shadow, along with times at various stages",Moon,Lunar eclipse,,,,,,NASA's Scientific Visualization Studio
Sun's Heliosphere.gif,Sun's Heliosphere,15,n,n,n,Sun's Heliosphere.gif,https://svs.gsfc.nasa.gov/20363/,Public domain (NASA),15,,Heliosphere,A conceptual animation showing the heliosphere — the vast bubble that is generated by the Sun’s magnetic field and envelops all the planets.,Sun,Planets,Heliosphere,,,,,NASA's Goddard Space Flight Center Conceptual Image Lab
Local Hot Bubble.gif,Local Hot Bubble,20,n,n,n,Local Hot Bubble.gif,https://svs.gsfc.nasa.gov/11550/,Public domain (NASA),20.6,,Local Hot Bubble,"This animation illustrates solar wind charge exchange in action. An atom of interstellar helium (blue) collides with a solar wind ion (red), losing one of its electrons (yellow) to the other particle. As it settles into a lower-energy state, the electron emits a soft X-ray.",Sun,ISM,X-Ray,,,,,"ASA's Goddard Space Flight Center. However, individual items should be credited as indicated above. Animator Scott Wiessinger (USRA) Producer Scott Wiessinger (USRA) Science writer Francis Reddy (University of Maryland College Park) Graphics Francis Reddy (University of Maryland College Park)"
Eclipses from Fast X-ray Pulsar.gif,Eclipse of Fast X-ray Pulsar and Star,23,n,n,n,Eclipses from Fast X-ray Pulsar.gif,https://svs.gsfc.nasa.gov/10625/,Public domain (NASA),23.4,,X-ray Pulsay and it's companion ,"This animation depicts a unique binary star system that consists of an X-ray pulsar and its companion star. the system is called J1749. In addition, the pulsar’s orbital motion imparts small but regular changes in the frequency of the X-ray pulses. These changes indicate that the stars revolve around each other every 8.8 hours.",Pulsar,Binary system,,,,,,NASA/Goddard Space Flight Center
BHW_Gravitational_Waves_3D_Visualization.gif,Black Holes Orbit: 3D Gravitational Waves,24,n,n,n,BHW_Gravitational_Waves_3D_Visualization.gif,https://svs.gsfc.nasa.gov/14130/,Public domain (NASA),24.7,,Gravitational Waves From Monster Black Holes,"This visualization shows gravitational waves emitted by two black holes of nearly equal mass as they spiral around each other. Orange ripples represent distortions of space-time caused by the rapidly orbiting masses. These distortions spread out and weaken, ultimately becoming gravitational waves (purple)",Black holes,Binary system,Gravitational waves,,,,,"NASA's Goddard Space Flight Center Science writer Jeanette Kazmierczak (University of Maryland College Park) Producer Scott Wiessinger (KBR Wyle Services, LLC) Graphic designer Krystofer Kim (KBR Wyle Services, LLC)"
Gravitational Waves.gif,Black Holes Orbit: Simple Gravitational Waves,24,n,n,n,Gravitational Waves.gif,https://svs.gsfc.nasa.gov/20367/,Public domain (NASA),24.7,,Black hole merger ,"Two black holes orbit around each other and generate space-time ripples called gravitational waves in this animation. As the black holes get closer, the waves increase in frequency. Eventually, the event horizons merge into a peanut-shaped object, generating one very high-frequency wave",Black holes,Space time,Gravittional waves,Black hole merger,,,,ASA's Goddard Space Flight Center Conceptual Image Lab
Orbit Views of our Solar System.gif,Orbit Views of Our Solar System,3,n,n,n,Orbit Views of our Solar System.gif,NASA SVS | Orbit Views of our Solar System,Public domain (NASA),3.1,,Planetry orbits,A visualization of the inner solar system planet orbits,Planet,orbit,,,,,,NASA's Scientific Visualization Studio
MAVEN spacecraft orbit.gif,MAVEN Spacecraft: Tighter Orbit,10,n,n,n,MAVEN spacecraft orbit.gif,NASA SVS | MAVEN: Science Orbit,Public domain (NASA),10.4,,MAVEN space craft,MAVEN's orbit transitions from the insertion orbit to a tighter science orbit,Mars,Spaecraft,,,,,,NASA's Scientific Visualization Studio
Jupiter's Moon Orbits.gif,Jupiter's Moon Orbits,7,n,n,n,Jupiter's Moon Orbits.gif,NASA SVS | Pull out from Jupiter Showing Moon Orbits,Public domain (NASA),7.2,,Jupiter's moons overview,"This visualization shows jupiter and 63 of its moons. We start close in to Jupiter showing relativly fast moving inner moons that are generally in the same orbital plane including the so called 'Galilean moons': Europa, Io, Ganymede, and Callisto. Other inner moons are: Amalthea, Thebe, Adrastea, and Metis",Jupiter ,Moon,Orbits,,,,,NASA/Goddard Space Flight Center Scientific Visualization Studio
Black hole and a star.gif,Black Hole and a Star,24,n,n,n,Black hole and a star.gif,NASA SVS | An Orrery of Black Holes and Their Companions,Public domain (NASA),24.5,,Black hole+star system,This visualization shows a system of a blackhole and its companion star and the accretion disk that is forming as a result,Blackhole,Star,Binary system,,,,,NASA's Scientific Visualization Studio
Binary systems (BH+Star).gif,22 Black Hole and Star Binary Systems,24,n,n,n,Binary systems (BH+Star).gif,NASA SVS | An Orrery of Black Holes and Their Companions,Public domain (NASA),24.5,,Binary system of blackholes and their copanion star,"This visualization shows 22 X-ray binaries in our Milky Way galaxy and its nearest neighbor, the Large Magellanic Cloud, that host confirmed stellar-mass black holes.",Blackhole,X-ray,Binary system,,,,,NASA's Scientific Visualization Studio
dark matter particles collecting around the black hole.gif,Dark Matter Particles Collecting Around Black Hole,28,n,n,n,dark matter particles collecting around the black hole.gif,NASA SVS | Capturing Dark Matter with Black Holes,Public domain (NASA),28.4,,Dark matter particles and black holes,Oblique view of dark matter particles collecting around the black hole. This provides a better view of some of the more complex trajectories near the spin axis.,Dark matter,Particles,Blackholes,,,,,NASA's Scientific Visualization Studio
neutron star and its accretion disk.gif,Neutron Star and its Accretion Disk: Pulsar,24,n,n,n,neutron star and its accretion disk.gif,NASA SVS | Millisecond Pulsar with Magnetic Field Structure,Public domain (NASA),24.6,,Neutron star and its accretion disk formation,This animation zooms into a neutron star and its accretion disk to show a millisecond pulsar in close-up,Neutron star,Accretion disk,Pulsar,,,,,NASA
neutron star experiencing a starquake.gif,Neutron Star Starquake,23,n,n,n,neutron star experiencing a starquake.gif,NASA SVS | Millisecond Pulsar with Magnetic Field Structure,Public domain (NASA),23.4,,neutron star experiencing a starquake,This animation shows a what a neutron star experiencing a starquake might look like. Starquakes crack the surface crust of the star and briefly increase its spin rate.,Neutron star,Pulsar,Starquake,,,,,NASA
Pulsar's magnetic field.gif,Pulsar's Magnetic Field,23,n,n,n,Pulsar's magnetic field.gif,NASA SVS | Pulsars and their Magnetic Field - Vacuum solution,Public domain (NASA),23.4,,Neutron star magnetic field,This movie presents a view of the vacuum magnetic field solution from above the rotation axis,Neutron star,Magnetic field,,,,,,NASA's Scientific Visualization Studio
Redshift Animations.gif,Galaxy's Redshift,26,n,n,n,Redshift Animations.gif,NASA SVS | Redshift Animations,Public domain (NASA),26.3,,Galaxy's redshift as viewed from earth,"the universe expands, it stretches the wavelengths of light along with it, a process called redshift. The farther away an object is, the more the light from it has stretched by the time it reaches us.",Galaxy,Redshift,,,,,,NASA/JPL-Caltech//R. Hurt (Caltech-IPAC)
Solar Particle Acceleration.gif,Solar Particles Acceleration,7,n,n,n,Solar Particle Acceleration.gif,https://svs.gsfc.nasa.gov/20408/,Public domain (NASA),7.1,,Solar particles causing space weather ,"As solar particles get accelerated from the Sun, they can cause space weather at Earth that disrupts our communications and technology on Earth and in space.",Solat particles,space weather,Earth,,,,,NASA's Goddard Space Flight Center Conceptual Image Lab
Stellar black hole and the companion star.gif,Massive Black Hole and Companion Star Orbit,24,n,n,n,Stellar black hole and the companion star.gif,https://www.eso.org/public/videos/eso2408a/,Public domain (ESO),24.5,,Gaia BH 33 and the comapanion star,"Finding the most massive stellar black holes, Gaia BH33, by observing the motion of the star orbiting it",Companion star,Massive black hole,,,,,,ESO
Black Hole Environment.gif, Black Hole Accretion Disk Formation,24,n,n,n,Black Hole Environment.gif,https://www.eso.org/public/videos/eso1907n/,Public domain (ESO),24.5,,Accretion disk formation,"This illustration delves into the surroundings of a black hole, showing an accretion disc of superheated plasma and a relativistic jet. It also depicts the paths of photons in the vicinity of a black hole",Black holes,Accretion disk,Jet,,,,,ESO
A binary pair of stars in orbit.gif,Binary Star Orbit Visualization,18,n,n,n,A binary pair of stars in orbit.gif,https://www.eso.org/public/videos/cs0007c/,Public domain (ESO),18.2,,Binary star visulaization ,This animation shows how a binary star system behaves,Binary star,,,,,,,ESO
Brown dwarf swallowed by red giant.gif,Brown Dwarf Swallowed by Red Giant,17,n,n,n,Brown dwarf swallowed by red giant.gif,https://www.eso.org/public/videos/eso0628a/,Public domain (ESO),17.3,,Brown Dwarf swalloed by a Red giant,A simulation of the merger process of a Red Giant with a Brown Dwarf,Brown dwarf,Red giant,merger,Binary system,,,,ESO
Radial Velocity.gif,Exoplanet Radial Velocity,14,n,n,n,Radial Velocity.gif,https://www.eso.org/public/videos/radialvelocity/,Public domain (ESO),14.4,,Radial velocity exoplanet,Animation depicting the radial velocity method for detecting exoplanets,Exoplanet,Radial Velocity,,,,,,ESO
Eclispsing Binary.gif,Exclipsing Binary Stars Brightness Graph,18,n,n,n,Eclispsing Binary.gif,https://www.eso.org/public/videos/eso1311b/,Public domain (ESO),18.3,,Eclispsing Binary system star,"This video shows an artist’s impression of an eclipsing binary star system. As the two stars orbit each other they pass in front of one another and their combined brightness, seen from a distance, decreases",Eclisping binary,Binary star,Brightness,,,,,ESO
Neutron star merger seen in gravity and matter.gif,Neutron Star Merger Matter and Gravity Model,23,n,n,n,Neutron star merger seen in gravity and matter.gif,https://www.eso.org/public/videos/eso1733h/,Public domain (ESO),23.2,,Neutron star meger,This visualization shows the coalescence of two orbiting neutron stars. The left panel contains a visualization of the matter of the neutron stars. The different coloured layers are different densities,Neutron star,Merger,Gravity waves,,,,,ESO
Light spectrum.gif,Light Spectrum Tour,5,n,n,n,Light spectrum.gif,https://www.eso.org/public/videos/eso50spectrum/,Public domain (ESO),5.3,,Light spectrum of stars,This 3D animation depicts how the light of a distant star is studied by astronomers,Light spectrum,stars,,,,,,ESO