name,display_name,file_name,chapter(int),source code (y/n),gif images (y/n),supplemental material (y/n),Tag 1,Tag 2,Tag 3,Tag 4,Tag 5
SE2016Mar09T,Solar Eclipse Shadow Path,SE2016Mar09T.gif,4,n,n,n,Eclipse,Umbra,Penumbra,,
Pluto_Charon_Orbit,Charon Orbiting Pluto,Pluto_Charon_Orbit.gif,3,n,n,n,Pluto,Charon,Orbit,Barycenter,Moon
Adaptive_optics,Adaptive Optics Fix Distortion,Adaptive_optics.gif,6,n,n,n,Optics,Telescope,Seeing,Distortion,
Wavy,Spacetime Ripples Waves,Wavy.gif,24,n,n,n,Spacetime,Relativity,Black hole,Neutron star,Gravitational wave
Sn2008hdani,Supernova Explosion X-Ray,Sn2008hdani.gif,23,n,n,n,Supernova,Standard candle,X-ray,,
CrabNebula-5Observatories,Crab Nebula 5 Different Wavelengths,,23,n,n,n,Supernova,Electromagnetic Spectrum,Pulsar,Neutron Star,Nebula
Apparent_retrograde_motion,Apparent Retrograde Motion,Apparent_retrograde_motion.gif,2,n,n,n,Retrograde,Orbit,,,
Black_body_visible_spectrum,Black Body Visible Spectrum,Black_body_visible_spectrum.gif,5,n,n,n,Blackbody,Color,Temperature,Visible Light,Spectrum
Radial_velocity_doppler_spectroscopy,Radial Velocity Doppler Spectroscopy,Radial_velocity_doppler_spectroscopy.gif,14,n,n,n,Exoplanet,Doppler shift,Spectrum,,
FrequencyAnimation,Frequency Comparisons,FrequencyAnimation.gif,5,n,n,n,Frequency,Light,Period,,
binary_stars_eclipse,Binary Stars Eclipse Light Curve,binary_stars_eclipse.gif,18,n,n,n,Binary stars,Light curve,Eclipse,,
BlackHole_Lensing,Black-hole Lensing,BlackHole_Lensing.gif,24,n,n,n,Black hole,Gravitational lensing,Relativity,Gravity,
Wiki_Spect_Binaries_v2,Binary System Doppler-shift,Wiki_Spect_Binaries_v2.gif,18,n,n,n,Binary stars,Doppler shift,Spectrum,,
Light_dispersion_conceptual_waves,Light Prism Refraction,Light_dispersion_conceptual_waves.gif,5,n,n,n,Light,Spectrum,Refraction,Optics,
Interstellar_comet_orbits,Interstellar Comet Orbits,Interstellar_comet_orbits.gif,3,n,n,n,Orbit,Gravity,Comet,Kepler's laws,
Cepheid_animation_1,Cepheid Star Expansion/Contraction Colorshift,Cepheid_animation_1.gif,19,n,n,n,Star,Cepheid variable,Distance,Variable star,
Nogreenstars,Stars Perceived Color,Nogreenstars.gif,5,n,n,n,Blackbody,Color,Temperature,Star,Spectrum
Convection,Convection Currents,Convection.gif,16,n,n,n,Convection,Heat,Temperature,Atmosphere,
Impact_crater,Impact Crater,Impact_crater.gif,9,n,n,n,Crater,Impact,,,
Meteor_atmosphere,Meteor in Atmosphere,Meteor_atmosphere.gif,14,n,n,n,Meteor,Atmosphere,Meteorite,,
Bohr_atom_animation_2,Bohr Atom Photon Absorption/Emission,Bohr_atom_animation_2.gif,5,n,n,n,Atom,Spectrum,Photon,Light,
New moon-Full moon,Moon Phases: New Moon-Full Moon,,4,n,n,n,Moon,New-Full,,,
Full moon- New moon,Moon Phases: Full Moon- New Moon,,4,n,n,n,Moon,Full-New,,,
"Semi-major axis, eccentricity",Semi-Major Axis and Eccentricity,,3,n,n,n,planets,semi major axis,,,
"Distance, eccentricity, gif",Distance and Eccentricity,,3,n,n,n,planets,semi major axis,,,
Ecliptic gif,Sun Declination and Right Ascension in a Year,,2,n,n,n,sun,ecliptic,,,
Earth's tilt gif,Earth's Tilt Angle Change,,2,n,n,n,Earth,tilt,Sun,,
Earth orbit and seasons,Earth's Orbit and Seasons,Earth orbit and seasons.gif,4,n,n,n,Earth,tilt,Sun,,
Seasons: Sunlight angle at the equator,Seasons: Sunlight Angle at Equator,,4,n,n,n,Earth,tilt,Sun,,
Seasons sunlight angle at the North pole,Seasons: Sunlight Angle at North Pole,Seasons sunlight angle at the North pole.gif,4,n,n,n,Earth,tilt,Sun,,
Season sunlight angle at the South pole,Seasons: Sunlight Angle at South Pole,Season sunlight angle at the South pole.gif,4,n,n,n,Earth,tilt,Sun,,
Kepler's first law,"Kepler's First Law, Velocity",Kepler_s first law.gif,3,n,n,n,planets,speed,model,,
Kepler's second law,"Kepler's Second Law, Simulation",,3,n,n,n,planets,speed,model,,
Kepler's second law aread,"Kepler's Second Law, Graph",,3,n,n,n,planets,speed,graph,,
Eclipsing Binary Simulator,"Binary Eclipse, Simulation",Eclipsing Binary Simulator.gif,18,n,n,n,star,eclipsie,model,,
Eclipsing binary simulator graph,"Binary Ecplise, Graph",Eclipsing binary simulator graph.gif,18,n,n,n,star,eclipsie,graph,,
Pluto and its moons,Pluto and its Moons Orbit,Pluto and its moons.gif,4,n,n,n,Pluto,orbit,moons,,
Big bang,Big Bang Simulation,Big bang.gif,26,n,n,n,Universe,big bang,,,
Black hole,Black Hole Simulation,Black hole.gif,23,n,n,n,Black hole,star,death,,
Earth's atmosphere layers,Earth's Atmosphere Layers,Earth_s atmosphere layers.gif,2,n,n,n,Earth,atmosphere,,,
Short gamma ray burst formation-BH+Neutron star,Gamma Burst: Black hole and Neutron Star,Short gamma ray burst formation-BH+Neutron star.gif,23,n,n,n,Gamma ray,,,,
Exoplanet_Single_Transit,Exoplanet Transit Light Curve: Single,Exoplanet_Single_Transit.gif,14,n,n,n,Exoplanet,Transit,,,
Exoplanet_Double_Transit,2 Exoplanets Transit Light Curve: Big and Small,Exoplanet_Double_Transit.gif,14,n,n,n,Exoplanet,Transit,,,
Exoplanet_Multipe_Transit,Multiple Exoplanets Transit Light Curve,,14,n,n,n,Exoplanet,Transit,,,
Long gamma ray burst formation,Long Gamma Ray Burst Formation,Long gamma ray burst formation.gif,23,n,n,n,Gamma ray,,,,
Neutron star gamma ray burst,Gamma Ray Burst: Neutron Star,Neutron star gamma ray burst.gif,23,n,n,n,Gamma ray,,,,
Short gamma ray burst formation-two neutron stars,Gamma Ray Burst: Two Neutron Stars,Short gamma ray burst formation-two neutron stars.gif,23,n,n,n,Gamma ray,,,,
Andromeda galaxy and the Milk way collision,Andromeda and Milky Way Collision,Andromeda galaxy and the Milk way collision.gif,25,n,n,n,galaxy,galaxy merger,,,
T crB (white dwarf and a ref giant system),White Dwarf and Red Giant,T crB (white dwarf and a ref giant system).gif,23,n,n,n,white dwarf,Red giant,Supernova Ia,,
Sun's magnetic field,Sun's Magnetic Field,Sun_s magnetic field.gif,15,n,n,n,Sun,Magnetic field,,,
Triple Eclipsing system,Triple Eclipsing System Light Curve,Triple Eclipsing system.gif,19,n,n,n,Stras,System,Triple,,
Binary star system light curve,Binary Star Systems Orbit and Light Curve,Binary star system light curve.gif,14,n,n,n,Star,System,Binary,Light curve,
Quadruple system of stars light curve,Quadruple Star System Orbit and Light Curve,Quadruple system of stars light curve.gif,18,n,n,n,Star,System,Quadruple,Light curve,
Sextuple star system,Sextuple Star System Orbit,Sextuple star system.gif,18,n,n,n,Star,System,Sextuple,,
V906 Carinae's 2018 nova eruption,Supernova Eruption: V906 Carinae 2018,V906 Carinae_s 2018 nova eruption.gif,20,n,n,n,Nova,,,,
Solar Storm Excites Martian Magnetosphere for Fulldome,Mars Solar Storm Magnetosphere,Solar Storm Excites Martian Magnetosphere for Fulldome.gif,15,n,n,n,Sun,Mars,Magnotsphere,storm,
Carruthers Geocorona Animation,"Earth's Geocorona, Carruthers",Carruthers Geocorona Animation.gif,8,n,n,n,Earth,Exosphere,Sun,,
Carrington Class Coronal Mass Ejection,The Carrington Event Mass Ejection,Carrington Class Coronal Mass Ejection.gif,15,n,n,n,Coronal mass ejection,Sun,Storm,,
Weather on Exoplanet WASP-121b,Weather on Exoplanet Tylos,Weather on Exoplanet WASP-121b.gif,14,n,n,n,Exoplanet,Weather,,,
Seasonal Variations in Titan,Seasonal Variations in Titan,Seasonal Variations in Titan.gif,7,n,n,n,Moon,Planet,Winds,,
Webb Captures Jupiter’s Aurora,Jupiter's Aurora,Webb Captures Jupiter’s Aurora.gif,11,n,n,n,Jupiter,Atmosphere,Aurora,,
Total Lunar Eclipse Shadow View,Total Lunar Eclipse Shadow View,Total Lunar Eclipse Shadow View.gif,4,n,n,n,Moon,Lunar eclipse,,,
Sun's Heliosphere,Sun's Heliosphere,Sun_s Heliosphere.gif,15,n,n,n,Sun,Planets,Heliosphere,,
Local Hot Bubble,Local Hot Bubble,Local Hot Bubble.gif,20,n,n,n,Sun,ISM,X-Ray,,
Eclipses from Fast X-ray Pulsar,Eclipse of Fast X-ray Pulsar and Star,Eclipses from Fast X-ray Pulsar.gif,23,n,n,n,Pulsar,Binary system,,,
BHW_Gravitational_Waves_3D_Visualization,Black Holes Orbit: 3D Gravitational Waves,BHW_Gravitational_Waves_3D_Visualization.gif,24,n,n,n,Black holes,Binary system,Gravitational waves,,
Gravitational Waves,Black Holes Orbit: Simple Gravitational Waves,Gravitational Waves.gif,24,n,n,n,Black holes,Space time,Gravittional waves,Black hole merger,
Orbit Views of our Solar System,Orbit Views of Our Solar System,Orbit Views of our Solar System.gif,3,n,n,n,Planet,orbit,,,
MAVEN spacecraft orbit,MAVEN Spacecraft: Tighter Orbit,MAVEN spacecraft orbit.gif,10,n,n,n,Mars,Spaecraft,,,
Jupiter's Moon Orbits,Jupiter's Moon Orbits,Jupiter_s Moon Orbits.gif,7,n,n,n,Jupiter,Moon,Orbits,,
Black hole and a star,Black Hole and a Star,Black hole and a star.gif,24,n,n,n,Blackhole,Star,Binary system,,
Binary systems (BH+Star),22 Black Hole and Star Binary Systems,Binary systems (BH+Star).gif,24,n,n,n,Blackhole,X-ray,Binary system,,
dark matter particles collecting around the black hole,Dark Matter Particles Collecting Around Black Hole,dark matter particles collecting around the black hole.gif,28,n,n,n,Dark matter,Particles,Blackholes,,
neutron star and its accretion disk,Neutron Star and its Accretion Disk: Pulsar,neutron star and its accretion disk.gif,24,n,n,n,Neutron star,Accretion disk,Pulsar,,
neutron star experiencing a starquake,Neutron Star Starquake,neutron star experiencing a starquake.gif,23,n,n,n,Neutron star,Pulsar,Starquake,,
Pulsar's magnetic field,Pulsar's Magnetic Field,Pulsar_s magnetic field.gif,23,n,n,n,Neutron star,Magnetic field,,,
Redshift Animations,Galaxy's Redshift,Redshift Animations.gif,26,n,n,n,Galaxy,Redshift,,,
Solar Particle Acceleration,Solar Particles Acceleration,Solar Particle Acceleration.gif,7,n,n,n,Solat particles,space weather,Earth,,
Stellar black hole and the companion star,Massive Black Hole and Companion Star Orbit,Stellar black hole and the companion star.gif,24,n,n,n,Companion star,Massive black hole,,,
Black Hole Environment,Black Hole Accretion Disk Formation,Black Hole Environment.gif,24,n,n,n,Black holes,Accretion disk,Jet,,
A binary pair of stars in orbit,Binary Star Orbit Visualization,A binary pair of stars in orbit.gif,18,n,n,n,Binary star,,,,
Brown dwarf swallowed by red giant,Brown Dwarf Swallowed by Red Giant,Brown dwarf swallowed by red giant.gif,17,n,n,n,Brown dwarf,Red giant,merger,Binary system,
Radial Velocity,Exoplanet Radial Velocity,Radial Velocity.gif,14,n,n,n,Exoplanet,Radial Velocity,,,
Eclispsing Binary,Exclipsing Binary Stars Brightness Graph,,18,n,n,n,Eclisping binary,Binary star,Brightness,,
Neutron star merger seen in gravity and matter,Neutron Star Merger Matter and Gravity Model,,23,n,n,n,Neutron star,Merger,Gravity waves,,
Light spectrum,Light Spectrum Tour,Light spectrum.gif,5,n,n,n,Light spectrum,stars,,,
